prompt,topic,category,region,intent,type,Reasoning,persona,url,referral
Couch with hidden speakers for home theater,Home theater sound and charging systems,Premium Modular Furniture,US,informational,unbranded,Source Page: https://www.lovesac.com/sactionals-with-stealthtech-sound-charge. High priority: Source URL has driven referral traffic in the past. Sustained week-over-week citation attempts. This prompt seeks information about stealth speakers and aligns with the page's description of invisible speakers.,,https://www.lovesac.com/sactionals-with-stealthtech-sound-charge,referred
Modular sectionals with built-in wireless chargers vs traditional sofas,Home theater sound and charging systems,Premium Modular Furniture,US,comparative,unbranded,"Source Page: https://www.lovesac.com/sactionals-with-stealthtech-sound-charge. High priority: Source URL has driven referral traffic in the past. Sustained week-over-week citation attempts. This prompt compares modular sectionals with features like wireless charging to traditional sofas, which matches the page's focus on innovative features.",,https://www.lovesac.com/sactionals-with-stealthtech-sound-charge,referred
Lovesac stealthtech sectional vs regular sectional benefits,Home theater sound and charging systems,Premium Modular Furniture,US,comparative,branded,"Source Page: https://www.lovesac.com/sactionals-with-stealthtech-sound-charge. High priority: Source URL has driven referral traffic in the past. Sustained week-over-week citation attempts. This prompt explicitly references the branded product, drawing a comparison to regular sectionals, making it relevant to the page.",,https://www.lovesac.com/sactionals-with-stealthtech-sound-charge,referred
Sectional with built-in speakers and wireless charging price,Home theater sound and charging systems,Premium Modular Furniture,US,transactional,unbranded,"Source Page: https://www.lovesac.com/sactionals-with-stealthtech-sound-charge. High priority: Source URL has driven referral traffic in the past. Sustained week-over-week citation attempts. This prompt focuses on purchasing a sectional with features mentioned on the page, without naming the brand.",,https://www.lovesac.com/sactionals-with-stealthtech-sound-charge,referred
Lovesac sofa with sound and wireless charging price,Home theater sound and charging systems,Premium Modular Furniture,US,transactional,branded,"Source Page: https://www.lovesac.com/sactionals-with-stealthtech-sound-charge. High priority: Source URL has driven referral traffic in the past. Sustained week-over-week citation attempts. This prompt directly includes the product and brand name featured on the webpage, showing purchase intent.",,https://www.lovesac.com/sactionals-with-stealthtech-sound-charge,referred
Price for modular sectionals with invisible speakers,Home theater sound and charging systems,Premium Modular Furniture,US,transactional,unbranded,"Source Page: https://www.lovesac.com/sactionals-with-stealthtech-sound-charge. High priority: Source URL has driven referral traffic in the past. Sustained week-over-week citation attempts. This prompt fits the transactional intent by asking for pricing information for relevant products described on the page, without naming the brand.",,https://www.lovesac.com/sactionals-with-stealthtech-sound-charge,referred
Steps to update firmware on a sound system couch,Home theater sound and charging systems,Lovesac Accessories and Instructions,US,instructional,unbranded,"Source Page: https://www.lovesac.com/stealthtech-firmware-updates. High priority: Source URL has driven referral traffic in the past. Sustained week-over-week citation attempts. The prompt is focused on firmware updates for sound-enabled furniture, matching the instructional intent of the page without mentioning a brand.",,https://www.lovesac.com/stealthtech-firmware-updates,referred
Risks of skipping couch speaker firmware update,Home theater sound and charging systems,Lovesac Accessories and Instructions,US,informational,unbranded,Source Page: https://www.lovesac.com/stealthtech-firmware-updates. High priority: Source URL has driven referral traffic in the past. Sustained week-over-week citation attempts. This prompt targets users weighing whether to update their firmware and what happens if they skip it.,,https://www.lovesac.com/stealthtech-firmware-updates,referred
Update Lovesac firmware guide,Home theater sound and charging systems,Lovesac Accessories and Instructions,US,instructional,branded,"Source Page: https://www.lovesac.com/stealthtech-firmware-updates. High priority: Source URL has driven referral traffic in the past. Sustained week-over-week citation attempts. This prompt directly asks about updating the firmware for Lovesac's StealthTech system, tying branded instructional content to the page.",,https://www.lovesac.com/stealthtech-firmware-updates,referred
Check firmware version my Lovesac system is running,Home theater sound and charging systems,Lovesac Accessories and Instructions,US,informational,branded,Source Page: https://www.lovesac.com/stealthtech-firmware-updates. High priority: Source URL has driven referral traffic in the past. Sustained week-over-week citation attempts. This prompt targets users trying to understand the latest firmware update for their couch.,,https://www.lovesac.com/stealthtech-firmware-updates,referred
StealthTech firmware affect on sound quality,Home theater sound and charging systems,Lovesac Accessories and Instructions,US,informational,branded,Source Page: https://www.lovesac.com/stealthtech-firmware-updates. High priority: Source URL has driven referral traffic in the past. Sustained week-over-week citation attempts. This prompt focuses on the impact of the firmware update on the sound quality.,,https://www.lovesac.com/stealthtech-firmware-updates,referred
When should I update my Lovesac firmware?,Home theater sound and charging systems,Lovesac Accessories and Instructions,US,planning,branded,Source Page: https://www.lovesac.com/stealthtech-firmware-updates. High priority: Source URL has driven referral traffic in the past. Sustained week-over-week citation attempts. The prompt reflects planning intent as the user researches the timing for ongoing maintenance or upgrades for their furniture.,,https://www.lovesac.com/stealthtech-firmware-updates,referred
How do I set up sofa speakers at home?,Home theater sound and charging systems,Lovesac Accessories and Instructions,US,instructional,unbranded,Source Page: https://www.lovesac.com/stealthtech-setup. Sustained week-over-week citation attempts. This prompt directly aligns with the page's intent to provide a setup guide for sofa speaker systems without specifying the Lovesac brand.,,https://www.lovesac.com/stealthtech-setup,not referred
How to install speakers in a modular couch,Home theater sound and charging systems,Lovesac Accessories and Instructions,US,instructional,unbranded,"Source Page: https://www.lovesac.com/stealthtech-setup. Sustained week-over-week citation attempts. This prompt aligns with the purpose of the webpage, which provides setup instructions for a modular sound system in a couch.",,https://www.lovesac.com/stealthtech-setup,not referred
How to set up Lovesac stealthtech speakers?,Home theater sound and charging systems,Lovesac Accessories and Instructions,US,instructional,branded,Source Page: https://www.lovesac.com/stealthtech-setup. Sustained week-over-week citation attempts. This branded prompt mentions Lovesac and directly aligns with the page's content about setting up the StealthTech system.,,https://www.lovesac.com/stealthtech-setup,not referred
Sofa sound systems how do they work,Home theater sound and charging systems,Lovesac Accessories and Instructions,US,informational,unbranded,"Source Page: https://www.lovesac.com/stealthtech-setup. Sustained week-over-week citation attempts. This prompt seeks information on sofa sound systems, naturally leading to a page about the setup and functionality of one such system.",,https://www.lovesac.com/stealthtech-setup,not referred
What tools do I need to set up stealthtech speakers?,Home theater sound and charging systems,Lovesac Accessories and Instructions,US,planning,branded,Source Page: https://www.lovesac.com/stealthtech-setup. Sustained week-over-week citation attempts. This prompt targets users preparing for the StealthTech speaker installation process.,,https://www.lovesac.com/stealthtech-setup,not referred
How long does it take to set up a sofa speaker?,Home theater sound and charging systems,Lovesac Accessories and Instructions,US,informational,unbranded,Source Page: https://www.lovesac.com/stealthtech-setup. Sustained week-over-week citation attempts. This prompt targets users wanting to understand the time commitment for sofa speaker installation.,,https://www.lovesac.com/stealthtech-setup,not referred
How to install a sound system in a modular sofa?,Home theater sound and charging systems,Product,US,instructional,unbranded,"Source Page: https://www.lovesac.com/stealthtech-sound-charge-systems. Sustained week-over-week citation attempts. This prompt reflects a user seeking guidance to add a sound system on modular-style couches, aligning with the StealthTech system featured on the page.",,https://www.lovesac.com/stealthtech-sound-charge-systems,not referred
Adding Lovesac sound system to my sactional,Home theater sound and charging systems,Product,US,instructional,branded,"Source Page: https://www.lovesac.com/stealthtech-sound-charge-systems. Sustained week-over-week citation attempts. This prompt naturally mentions Lovesac while asking how to set up the branded StealthTech sound system into a Lovesac Sactional sofa, relevant to the webpage.",,https://www.lovesac.com/stealthtech-sound-charge-systems,not referred
Couches with speakers built into the cushions,Home theater sound and charging systems,Product,US,informational,unbranded,"Source Page: https://www.lovesac.com/stealthtech-sound-charge-systems. Sustained week-over-week citation attempts. The prompt fits someone looking to understand the concept of furniture-integrated sound systems, like the one described on the page.",,https://www.lovesac.com/stealthtech-sound-charge-systems,not referred
How does Lovesac stealthtech improve movie nights?,Home theater sound and charging systems,Product,US,informational,branded,"Source Page: https://www.lovesac.com/stealthtech-sound-charge-systems. Sustained week-over-week citation attempts. This prompt asks how StealthTech improves the entertainment experience, which the page explains.",,https://www.lovesac.com/stealthtech-sound-charge-systems,not referred
Buy a sound system for my couch,Home theater sound and charging systems,Product,US,transactional,unbranded,Source Page: https://www.lovesac.com/stealthtech-sound-charge-systems. Sustained week-over-week citation attempts. A user ready to purchase a couch sound system would find this prompt naturally leading to the page describing the StealthTech system.,,https://www.lovesac.com/stealthtech-sound-charge-systems,not referred
Lovesac stealthtech compared to Sonos for couch speakers?,Home theater sound and charging systems,Product,US,comparative,branded,Source Page: https://www.lovesac.com/stealthtech-sound-charge-systems. Sustained week-over-week citation attempts. This prompt targets users comparing built-in furniture sound systems with standalone speaker brands.,,https://www.lovesac.com/stealthtech-sound-charge-systems,not referred
How to stack lovesac discount codes,Furniture discounts and savings,Brand,US,informational,branded,Source Page: https://www.lovesac.com/mailer15. Sustained week-over-week citation attempts. This prompt focuses on understanding the coupon stacking policy and which offers are combinable.,,https://www.lovesac.com/mailer15,not referred
Current deals on sectional furniture,Furniture discounts and savings,Brand,US,transactional,unbranded,"Source Page: https://www.lovesac.com/mailer15. Sustained week-over-week citation attempts. This prompt targets users looking for furniture brands with a promotional discount, matching the page intent of a promotional offer.",,https://www.lovesac.com/mailer15,not referred
Purchase modular sofas at a good discount,Furniture discounts and savings,Brand,US,transactional,unbranded,"Source Page: https://www.lovesac.com/mailer15. Sustained week-over-week citation attempts. Users seeking discounted modular seating may be directed to this offers page, aligning with its transactional intent.",,https://www.lovesac.com/mailer15,not referred
Where can I find discounts for Lovesac products?,Furniture discounts and savings,Brand,US,informational,branded,Source Page: https://www.lovesac.com/mailer15. Sustained week-over-week citation attempts. This prompt naturally leads users seeking branded discounts to the promotion page featuring the Lovesac offer.,,https://www.lovesac.com/mailer15,not referred
Use direct discount codes on furniture,Furniture discounts and savings,Brand,US,transactional,unbranded,Source Page: https://www.lovesac.com/mailer15. Sustained week-over-week citation attempts. This prompt targets users who want to use direct mail discounts and are likely ready to purchase.,,https://www.lovesac.com/mailer15,not referred
Get discount on large beanbags,Furniture discounts and savings,Brand,US,planning,unbranded,Source Page: https://www.lovesac.com/mailer15. Sustained week-over-week citation attempts. This prompt involves users planning a beanbag purchase with discounts.,,https://www.lovesac.com/mailer15,not referred
Couch with surround sound speakers built in,Home theater sound and charging systems,Premium Modular Furniture,US,informational,unbranded,"Source Page: https://www.lovesac.com/learn-about-sactionals-stealthtech-sound-charge. Sustained week-over-week citation attempts. This prompt reflects interest in the concept of integrating sound systems with furniture, which aligns with the StealthTech Sound + Charge page.",,https://www.lovesac.com/learn-about-sactionals-stealthtech-sound-charge,not referred
Lovesac stealthtech sound + charge system overview,Home theater sound and charging systems,Premium Modular Furniture,US,informational,branded,"Source Page: https://www.lovesac.com/learn-about-sactionals-stealthtech-sound-charge. Sustained week-over-week citation attempts. This query explicitly mentions the branded product and seeks understanding about its features and benefits, directly aligning with the page content.",,https://www.lovesac.com/learn-about-sactionals-stealthtech-sound-charge,not referred
Built-in surround sound sofa vs. standalone speakers,Home theater sound and charging systems,Premium Modular Furniture,US,comparative,unbranded,"Source Page: https://www.lovesac.com/learn-about-sactionals-stealthtech-sound-charge. Sustained week-over-week citation attempts. This prompt compares integrated sound systems with traditional setups, relating to the product's innovative design and functionality.",,https://www.lovesac.com/learn-about-sactionals-stealthtech-sound-charge,not referred
Lovesac StealthTech vs other built-in sound furniture systems,Home theater sound and charging systems,Premium Modular Furniture,US,comparative,branded,"Source Page: https://www.lovesac.com/learn-about-sactionals-stealthtech-sound-charge. Sustained week-over-week citation attempts. This branded prompt invites comparison between Lovesac's system and other options, aligning with the page's content about the product's unique value.",,https://www.lovesac.com/learn-about-sactionals-stealthtech-sound-charge,not referred
Buy a sectional sofa with built-in surround sound,Home theater sound and charging systems,Premium Modular Furniture,US,transactional,unbranded,"Source Page: https://www.lovesac.com/learn-about-sactionals-stealthtech-sound-charge. Sustained week-over-week citation attempts. This prompt expresses purchasing intent for a sectional with integrated sound, matching the page's transactional goal.",,https://www.lovesac.com/learn-about-sactionals-stealthtech-sound-charge,not referred
Adding Stealthtech to a Lovesac sactional guide,Home theater sound and charging systems,Premium Modular Furniture,US,planning,branded,Source Page: https://www.lovesac.com/learn-about-sactionals-stealthtech-sound-charge. Sustained week-over-week citation attempts. This prompt targets users researching requirements for a StealthTech add-on.,,https://www.lovesac.com/learn-about-sactionals-stealthtech-sound-charge,not referred
Lovesac bigone insert where does it fit,Bean bag inserts and refill options,Lovesac Bean Bag Products,US,informational,branded,Source Page: https://www.lovesac.com/products/bigone-insert. Sustained week-over-week citation attempts. This prompt seeks understanding of the product size and matches the informational intent.,,https://www.lovesac.com/products/bigone-insert,not referred
Where to buy a huge bean bag filler?,Bean bag inserts and refill options,Lovesac Bean Bag Products,US,transactional,unbranded,Source Page: https://www.lovesac.com/products/bigone-insert. Sustained week-over-week citation attempts. This prompt reflects a transactional intent to purchase a product similar to the BigOne insert without mentioning any brand.,,https://www.lovesac.com/products/bigone-insert,not referred
Lovesac bigone insert buy online,Bean bag inserts and refill options,Lovesac Bean Bag Products,US,transactional,branded,"Source Page: https://www.lovesac.com/products/bigone-insert. Sustained week-over-week citation attempts. This branded prompt explicitly mentions the product name and the brand, leading the user directly to the page.",,https://www.lovesac.com/products/bigone-insert,not referred
Best replacement fills for oversized bean bags,Bean bag inserts and refill options,Lovesac Bean Bag Products,US,comparative,unbranded,Source Page: https://www.lovesac.com/products/bigone-insert. Sustained week-over-week citation attempts. This prompt targets users comparing replacement fill options for oversized bean bag chairs.,,https://www.lovesac.com/products/bigone-insert,not referred
How much does the Lovesac BigOne insert cost?,Bean bag inserts and refill options,Lovesac Bean Bag Products,US,transactional,branded,Source Page: https://www.lovesac.com/products/bigone-insert. Sustained week-over-week citation attempts. This branded prompt demonstrates intent to purchase the specific product featured on the webpage.,,https://www.lovesac.com/products/bigone-insert,not referred
How much filling do I need for an oversized bean bag?,Bean bag inserts and refill options,Lovesac Bean Bag Products,US,planning,unbranded,"Source Page: https://www.lovesac.com/products/bigone-insert. Sustained week-over-week citation attempts. This planning prompt aligns with the purpose of the product but does not specify any brand, making it relevant for users researching options.",,https://www.lovesac.com/products/bigone-insert,not referred
3 seat modular couch benefits,Modular furniture configurations,Premium Modular Furniture,US,informational,unbranded,Source Page: https://www.lovesac.com/products/3-seats-5-sides-1-deep-sactional. Sustained week-over-week citation attempts. This prompt is relevant to the modular design of the page's featured product without mentioning a brand.,,https://www.lovesac.com/products/3-seats-5-sides-1-deep-sactional,not referred
Compare modular sofas with traditional sofas,Modular furniture configurations,Premium Modular Furniture,US,comparative,unbranded,"Source Page: https://www.lovesac.com/products/3-seats-5-sides-1-deep-sactional. Sustained week-over-week citation attempts. This prompt invites a comparison between modular sofas and traditional couches, which could lead users to the product page.",,https://www.lovesac.com/products/3-seats-5-sides-1-deep-sactional,not referred
 Lovesac modular seating compared to other brands,Modular furniture configurations,Premium Modular Furniture,US,comparative,branded,"Source Page: https://www.lovesac.com/products/3-seats-5-sides-1-deep-sactional. Sustained week-over-week citation attempts. This explicitly mentions Lovesac and encourages users to evaluate it against competitors, aligning with the product page.",,https://www.lovesac.com/products/3-seats-5-sides-1-deep-sactional,not referred
3 seat deep modular sofas buy online,Modular furniture configurations,Premium Modular Furniture,US,transactional,unbranded,Source Page: https://www.lovesac.com/products/3-seats-5-sides-1-deep-sactional. Sustained week-over-week citation attempts. This intent matches the transactional nature of the page for users ready to purchase without mentioning a brand.,,https://www.lovesac.com/products/3-seats-5-sides-1-deep-sactional,not referred
Customizable deep sectional couch online,Modular furniture configurations,Premium Modular Furniture,US,transactional,unbranded,Source Page: https://www.lovesac.com/products/3-seats-5-sides-1-deep-sactional. Sustained week-over-week citation attempts. This prompt matches the intent to purchase a modular seating setup like the one showcased on the page without mentioning brand names.,,https://www.lovesac.com/products/3-seats-5-sides-1-deep-sactional,not referred
Lovesac mid-size sactional sets buy online,Modular furniture configurations,Premium Modular Furniture,US,transactional,branded,Source Page: https://www.lovesac.com/products/3-seats-5-sides-1-deep-sactional. Sustained week-over-week citation attempts. This branded prompt explicitly seeks to purchase Lovesac's specific product covered on the page.,,https://www.lovesac.com/products/3-seats-5-sides-1-deep-sactional,not referred
Deals at furniture roadshow events,Event promotion,Brand,US,informational,unbranded,Source Page: https://www.lovesac.com/visit-the-lovesac-roadshow. Sustained week-over-week citation attempts. This prompt seeks to understand the concept of roadshow events and could lead users to the Lovesac Roadshow page if they are researching similar events.,,https://www.lovesac.com/visit-the-lovesac-roadshow,not referred
Find a Lovesac roadshow near me,Event promotion,Brand,US,transactional,branded,"Source Page: https://www.lovesac.com/visit-the-lovesac-roadshow. Sustained week-over-week citation attempts. This prompt directly references Lovesac and the roadshow event, showing a transactional intent to locate and attend the event.",,https://www.lovesac.com/visit-the-lovesac-roadshow,not referred
Furniture pop-up shops near me this weekend,Event promotion,Brand,US,informational,unbranded,"Source Page: https://www.lovesac.com/visit-the-lovesac-roadshow. Sustained week-over-week citation attempts. This unbranded prompt is about finding a furniture-related event, which matches the context of the Lovesac Roadshow page.",,https://www.lovesac.com/visit-the-lovesac-roadshow,not referred
Try couches at a pop-up event near me,Event promotion,Brand,US,informational,unbranded,Source Page: https://www.lovesac.com/visit-the-lovesac-roadshow. Sustained week-over-week citation attempts. This prompt targets users looking for timing information about furniture roadshow events.,,https://www.lovesac.com/visit-the-lovesac-roadshow,not referred
Lovesac deals in roadshow event vs showroom,Event promotion,Brand,US,planning,branded,Source Page: https://www.lovesac.com/visit-the-lovesac-roadshow. Sustained week-over-week citation attempts. This branded prompt demonstrates planning intent by evaluating whether a Lovesac event is worth attending.,,https://www.lovesac.com/visit-the-lovesac-roadshow,not referred
Plan a furniture roadshow visit,Event promotion,Brand,US,planning,unbranded,"Source Page: https://www.lovesac.com/visit-the-lovesac-roadshow. Sustained week-over-week citation attempts. This unbranded prompt asks about planning for a general furniture roadshow visit, making it relevant to the Lovesac Roadshow context.",,https://www.lovesac.com/visit-the-lovesac-roadshow,not referred
Top grain vs bonded leather for modular couch,Modular furniture configurations,Premium Modular Furniture,US,informational,unbranded,"Source Page: https://www.lovesac.com/products/3-seats-5-sides-sactional-russet-top-grain-leather. Sustained week-over-week citation attempts. This prompt seeks information about top grain leather, which is relevant because the page describes a furniture product made of russet top grain leather.",,https://www.lovesac.com/products/3-seats-5-sides-sactional-russet-top-grain-leather,not referred
Modular leather couches vs traditional leather sofas,Modular furniture configurations,Premium Modular Furniture,US,comparative,unbranded,"Source Page: https://www.lovesac.com/products/3-seats-5-sides-sactional-russet-top-grain-leather. Sustained week-over-week citation attempts. This prompt compares modular leather couches, like the Sactionals on the page, to traditional options. It could lead the user to this page for insights on modular furniture.",,https://www.lovesac.com/products/3-seats-5-sides-sactional-russet-top-grain-leather,not referred
Lovesac leather durability vs competitors,Modular furniture configurations,Premium Modular Furniture,US,comparative,branded,"Source Page: https://www.lovesac.com/products/3-seats-5-sides-sactional-russet-top-grain-leather. Sustained week-over-week citation attempts. This branded prompt directly asks about Lovesac’s leather quality, which aligns with the product description of the Sactionals in russet top grain leather.",,https://www.lovesac.com/products/3-seats-5-sides-sactional-russet-top-grain-leather,not referred
Buy modular top grain leather couches,Modular furniture configurations,Premium Modular Furniture,US,transactional,unbranded,"Source Page: https://www.lovesac.com/products/3-seats-5-sides-sactional-russet-top-grain-leather. Sustained week-over-week citation attempts. This transactional prompt indicates intent to purchase a modular leather couch, which matches the Sactionals described on the page.",,https://www.lovesac.com/products/3-seats-5-sides-sactional-russet-top-grain-leather,not referred
Order Lovesac sactionals in russet leather,Modular furniture configurations,Premium Modular Furniture,US,transactional,branded,"Source Page: https://www.lovesac.com/products/3-seats-5-sides-sactional-russet-top-grain-leather. Sustained week-over-week citation attempts. This branded prompt shows intent to purchase the specific furniture item described on the page, directly mentioning Lovesac and the leather finish.",,https://www.lovesac.com/products/3-seats-5-sides-sactional-russet-top-grain-leather,not referred
Brown leather modular couch option,Modular furniture configurations,Premium Modular Furniture,US,transactional,unbranded,Source Page: https://www.lovesac.com/products/3-seats-5-sides-sactional-russet-top-grain-leather. Sustained week-over-week citation attempts. This prompt showcases transactional interest in modular furniture with customizable arrangements.,,https://www.lovesac.com/products/3-seats-5-sides-sactional-russet-top-grain-leather,not referred
Size of a 6 piece modular sectional couch,Modular furniture configurations,Premium Modular Furniture,US,informational,unbranded,Source Page: https://www.lovesac.com/products/6-seats-8-sides-1-deep-sactional. Sustained week-over-week citation attempts. This prompt is focused on understanding the size of a large modular sectional sofas and could lead the user to the page describing the product.,,https://www.lovesac.com/products/6-seats-8-sides-1-deep-sactional,not referred
Best modular sofas for flexible seating options,Modular furniture configurations,Premium Modular Furniture,US,comparative,unbranded,"Source Page: https://www.lovesac.com/products/6-seats-8-sides-1-deep-sactional. Sustained week-over-week citation attempts. The user is comparing options for modular sofas, and the page highlights the flexibility of the product, making it relevant.",,https://www.lovesac.com/products/6-seats-8-sides-1-deep-sactional,not referred
Lovesac Sactionals vs other modular furniture,Modular furniture configurations,Premium Modular Furniture,US,comparative,branded,"Source Page: https://www.lovesac.com/products/6-seats-8-sides-1-deep-sactional. Sustained week-over-week citation attempts. This directly compares Lovesac's Sactionals to broader modular furniture options, aligning with the product on the page.",,https://www.lovesac.com/products/6-seats-8-sides-1-deep-sactional,not referred
Large sectional I can rearrange for different layouts,Modular furniture configurations,Premium Modular Furniture,US,transactional,unbranded,"Source Page: https://www.lovesac.com/products/6-seats-8-sides-1-deep-sactional. Sustained week-over-week citation attempts. The prompt reflects a shopper exploring large, reconfigurable furniture options. The emphasis on rearranging layouts directly maps to Lovesac's modular Sactionals system.",,https://www.lovesac.com/products/6-seats-8-sides-1-deep-sactional,not referred
Buy customizable sectional sofas,Modular furniture configurations,Premium Modular Furniture,US,transactional,unbranded,"Source Page: https://www.lovesac.com/products/6-seats-8-sides-1-deep-sactional. Sustained week-over-week citation attempts. This aligns with a general intent to find versatile sectional sofas, which is the essence of the product on the page.",,https://www.lovesac.com/products/6-seats-8-sides-1-deep-sactional,not referred
Lovesac sactional big enough for family of 6,Modular furniture configurations,Premium Modular Furniture,US,transactional,branded,Source Page: https://www.lovesac.com/products/6-seats-8-sides-1-deep-sactional. Sustained week-over-week citation attempts. The branded prompt explicitly mentions the Lovesac product on the page and reflects a transactional intent.,,https://www.lovesac.com/products/6-seats-8-sides-1-deep-sactional,not referred
Materials used in premium modular sectionals,Modular furniture configurations,Premium Modular Furniture,US,informational,unbranded,"Source Page: https://www.lovesac.com/products/4-seats-5-sides-sactional. Sustained week-over-week citation attempts. The user is seeking general information about modular sectionals, which aligns with the page’s product category.",,https://www.lovesac.com/products/4-seats-5-sides-sactional,not referred
Customize Lovesac sactionals,Modular furniture configurations,Premium Modular Furniture,US,informational,branded,"Source Page: https://www.lovesac.com/products/4-seats-5-sides-sactional. Sustained week-over-week citation attempts. The user is curious about a branded product feature, which directly relates to the customization of Lovesac Sactionals.",,https://www.lovesac.com/products/4-seats-5-sides-sactional,not referred
Best modular seating options for medium spaces,Modular furniture configurations,Premium Modular Furniture,US,comparative,unbranded,Source Page: https://www.lovesac.com/products/4-seats-5-sides-sactional. Sustained week-over-week citation attempts. The user is comparing modular seating options and could consider the Lovesac Sactional while researching.,,https://www.lovesac.com/products/4-seats-5-sides-sactional,not referred
Modular sectional that fits 4 people comfortably,Modular furniture configurations,Premium Modular Furniture,US,transactional,unbranded,Source Page: https://www.lovesac.com/products/4-seats-5-sides-sactional. Sustained week-over-week citation attempts. The user intends to make a purchase of a modular sectional that matches the product described on the page.,,https://www.lovesac.com/products/4-seats-5-sides-sactional,not referred
Fabric options Lovesac have for Sactionals,Modular furniture configurations,Premium Modular Furniture,US,transactional,branded,"Source Page: https://www.lovesac.com/products/4-seats-5-sides-sactional. Sustained week-over-week citation attempts. The user is looking to purchase Lovesac’s customizable Sactional, which is featured on this specific webpage.",,https://www.lovesac.com/products/4-seats-5-sides-sactional,not referred
Price of modular sectionals with washable covers,Modular furniture configurations,Premium Modular Furniture,US,transactional,unbranded,"Source Page: https://www.lovesac.com/products/4-seats-5-sides-sactional. Sustained week-over-week citation attempts. The prompt focuses on pricing, which aligns with the page’s product offering, and does not mention any brand.",,https://www.lovesac.com/products/4-seats-5-sides-sactional,not referred
Sectional furniture trade discounts for interior designers,Furniture discounts and savings,Brand,US,informational,unbranded,"Source Page: https://www.lovesac.com/to-the-trade-details. Sustained week-over-week citation attempts. This prompt asks for information about trade memberships specific to furniture, which aligns with the Lovesac trade membership page.",,https://www.lovesac.com/to-the-trade-details,not referred
Discounts and deals designers get on furniture,Furniture discounts and savings,Brand,US,informational,unbranded,Source Page: https://www.lovesac.com/to-the-trade-details. Sustained week-over-week citation attempts. This prompt targets design professionals researching trade pricing options across furniture brands.,,https://www.lovesac.com/to-the-trade-details,not referred
Furniture brands that offer the best trade discounts,Furniture discounts and savings,Brand,US,comparative,unbranded,Source Page: https://www.lovesac.com/to-the-trade-details. Sustained week-over-week citation attempts. This prompt targets design professionals evaluating trade programs across furniture brands.,,https://www.lovesac.com/to-the-trade-details,not referred
Lovesac trade discounts for interior designers,Furniture discounts and savings,Brand,US,informational,branded,Source Page: https://www.lovesac.com/to-the-trade-details. Sustained week-over-week citation attempts. This prompt targets design professionals checking whether Lovesac has a trade pricing program.,,https://www.lovesac.com/to-the-trade-details,not referred
Join Lovesac trade membership program,Furniture discounts and savings,Brand,US,transactional,branded,Source Page: https://www.lovesac.com/to-the-trade-details. Sustained week-over-week citation attempts. This prompt targets users wanting to join the Lovesac trade program.,,https://www.lovesac.com/to-the-trade-details,not referred
Lovesac trade program perks vs other furniture programs,Furniture discounts and savings,Brand,US,comparative,branded,Source Page: https://www.lovesac.com/to-the-trade-details. Sustained week-over-week citation attempts. This prompt targets design professionals evaluating trade programs across furniture brands.,,https://www.lovesac.com/to-the-trade-details,not referred
Couch cushion with hidden storage underneath,Furniture accessories and components,Lovesac Accessories and Instructions,US,informational,unbranded,Source Page: https://www.lovesac.com/products/sactionals-deep-storage-seat-insert-set-standard. Sustained week-over-week citation attempts. The user is seeking to understand the function of the product described on the page without referencing any brand.,,https://www.lovesac.com/products/sactionals-deep-storage-seat-insert-set-standard,not referred
Hidden storage under sofa cushions pros and cons,Furniture accessories and components,Lovesac Accessories and Instructions,US,comparative,unbranded,"Source Page: https://www.lovesac.com/products/sactionals-deep-storage-seat-insert-set-standard. Sustained week-over-week citation attempts. The prompt compares the value of a deep storage seat, which aligns with the page's product functionality and purchase intent.",,https://www.lovesac.com/products/sactionals-deep-storage-seat-insert-set-standard,not referred
How to organize a modular sofa with hidden storage,Furniture accessories and components,Lovesac Accessories and Instructions,US,instructional,unbranded,Source Page: https://www.lovesac.com/products/sactionals-deep-storage-seat-insert-set-standard. Sustained week-over-week citation attempts. This prompt targets users looking for practical ways to use storage features in modular furniture.,,https://www.lovesac.com/products/sactionals-deep-storage-seat-insert-set-standard,not referred
Sofa seat with built-in storage compartment,Furniture accessories and components,Lovesac Accessories and Instructions,US,transactional,unbranded,"Source Page: https://www.lovesac.com/products/sactionals-deep-storage-seat-insert-set-standard. Sustained week-over-week citation attempts. The searcher is interested in completing a purchase for a product consisting of storage, cushions, and pillows, matching the page details.",,https://www.lovesac.com/products/sactionals-deep-storage-seat-insert-set-standard,not referred
Buy Lovesac deep storage seat insert set,Furniture accessories and components,Lovesac Accessories and Instructions,US,transactional,branded,Source Page: https://www.lovesac.com/products/sactionals-deep-storage-seat-insert-set-standard. Sustained week-over-week citation attempts. This prompt includes the brand name 'Lovesac' and expresses a transactional intent to purchase the exact product on the page.,,https://www.lovesac.com/products/sactionals-deep-storage-seat-insert-set-standard,not referred
Lovesac sactionals storage seat price,Furniture accessories and components,Lovesac Accessories and Instructions,US,transactional,branded,"Source Page: https://www.lovesac.com/products/sactionals-deep-storage-seat-insert-set-standard. Sustained week-over-week citation attempts. The user is expressing interest in pricing specific to the Lovesac product on the page, showing branded transactional intent.",,https://www.lovesac.com/products/sactionals-deep-storage-seat-insert-set-standard,not referred
Wireless add-on subwoofer for a couch sound system,Home theater sound and charging systems,Lovesac Accessories and Instructions,US,informational,unbranded,Source Page: https://www.lovesac.com/products/sactionals-stealthtech-sound-charge-satellite-subwoofer. Sustained week-over-week citation attempts. This prompt seeks to understand what a satellite subwoofer is in general and aligns with the product description on the webpage.,,https://www.lovesac.com/products/sactionals-stealthtech-sound-charge-satellite-subwoofer,not referred
Lovesac stealthtech subwoofer vs other home theater subs,Home theater sound and charging systems,Lovesac Accessories and Instructions,US,comparative,branded,Source Page: https://www.lovesac.com/products/sactionals-stealthtech-sound-charge-satellite-subwoofer. Sustained week-over-week citation attempts. This prompt directly compares the Lovesac subwoofer to other subwoofers available and would lead to the product page.,,https://www.lovesac.com/products/sactionals-stealthtech-sound-charge-satellite-subwoofer,not referred
Where can I buy add-on wireless subwoofer for home theater couch,Home theater sound and charging systems,Lovesac Accessories and Instructions,US,transactional,unbranded,Source Page: https://www.lovesac.com/products/sactionals-stealthtech-sound-charge-satellite-subwoofer. Sustained week-over-week citation attempts. This is a transactional prompt from someone looking to purchase a satellite subwoofer without mentioning any brand.,,https://www.lovesac.com/products/sactionals-stealthtech-sound-charge-satellite-subwoofer,not referred
Wireless subwoofer upgrade for home theater seating,Home theater sound and charging systems,Lovesac Accessories and Instructions,US,transactional,unbranded,"Source Page: https://www.lovesac.com/products/sactionals-stealthtech-sound-charge-satellite-subwoofer. Sustained week-over-week citation attempts. This is a transactional search for a subwoofer upgrade, leading to a product like the one on the Lovesac page.",,https://www.lovesac.com/products/sactionals-stealthtech-sound-charge-satellite-subwoofer,not referred
Buy Lovesac satellite subwoofer for improved bass,Home theater sound and charging systems,Lovesac Accessories and Instructions,US,transactional,branded,Source Page: https://www.lovesac.com/products/sactionals-stealthtech-sound-charge-satellite-subwoofer. Sustained week-over-week citation attempts. This is a branded transactional prompt specifically showing intent to buy the Lovesac satellite subwoofer.,,https://www.lovesac.com/products/sactionals-stealthtech-sound-charge-satellite-subwoofer,not referred
Wireless couch subwoofer cost for home theater,Home theater sound and charging systems,Lovesac Accessories and Instructions,US,transactional,unbranded,"Source Page: https://www.lovesac.com/products/sactionals-stealthtech-sound-charge-satellite-subwoofer. Sustained week-over-week citation attempts. This prompt focuses on price and specifications for subwoofers, which is relevant to the product page.",,https://www.lovesac.com/products/sactionals-stealthtech-sound-charge-satellite-subwoofer,not referred
,,,,,,,,,
,,,,,,,,,
,,,,,,,,,
